{
  "exp_0.65": {
    "message_1_r2": 0.8945840989580259,
    "message_2_r2": 0.9081149287248753
  },
  "exp_0.75": {
    "message_1_r2": 0.9914136006129207,
    "message_2_r2": 0.9930799314040898
  },
  "exp_0.85": {
    "message_1_r2": 0.9738766046010152,
    "message_2_r2": 0.975801097949353
  },
  "linear_0.65": {
    "message_1_r2": 0.9973650401370512,
    "message_2_r2": 0.9966974043812592
  },
  "linear_0.75": {
    "message_1_r2": 0.990393779702667,
    "message_2_r2": 0.9878526351119522
  },
  "linear_0.85": {
    "message_1_r2": 0.9801879220027478,
    "message_2_r2": 0.9724348238870002
  },
  "cosine_0.65": {
    "message_1_r2": 0.9919886998939833,
    "message_2_r2": 0.9950457158537279
  },
  "cosine_0.75": {
    "message_1_r2": 0.9793582715281469,
    "message_2_r2": 0.9878472506136668
  },
  "cosine_0.85": {
    "message_1_r2": 0.8718214614936911,
    "message_2_r2": 0.8935413301395406
  }
}