{
  "exp_0.65": {
    "message_1_r2": 0.007201552391052246,
    "message_2_r2": 0.012892484664916992
  },
  "exp_0.75": {
    "message_1_r2": 0.6546887159347534,
    "message_2_r2": 0.6638693809509277
  },
  "exp_0.85": {
    "message_1_r2": 0.4975728392601013,
    "message_2_r2": 0.4997217059135437
  },
  "linear_0.65": {
    "message_1_r2": 0.7930760383605957,
    "message_2_r2": 0.6029708385467529
  },
  "linear_0.75": {
    "message_1_r2": 0.6772542595863342,
    "message_2_r2": 0.6038872003555298
  },
  "linear_0.85": {
    "message_1_r2": 0.382263720035553,
    "message_2_r2": 0.3402547836303711
  },
  "cosine_0.65": {
    "message_1_r2": 0.6729693412780762,
    "message_2_r2": 0.6412448287010193
  },
  "cosine_0.75": {
    "message_1_r2": 0.6187198162078857,
    "message_2_r2": 0.6073617935180664
  },
  "cosine_0.85": {
    "message_1_r2": 0.5900412797927856,
    "message_2_r2": 0.5925104022026062
  }
}