{
  "standard": {
    "robust message_1_r2": 0.7620280370266607,
    "robust message_2_r2": 0.17052060092798615,
    "message_1_r2": 0.018030643463134766,
    "message_2_r2": 0.0014849305152893066
  },
  "bottleneck": {
    "robust message_1_r2": 0.9955353248422093,
    "robust message_2_r2": 0.9951112948489537,
    "message_1_r2": 0.5800297856330872,
    "message_2_r2": 0.5453099012374878
  },
  "L1": {
    "robust message_1_r2": 0.45964343633129157,
    "robust message_2_r2": 0.9249599856773294,
    "message_1_r2": 0.3811098337173462,
    "message_2_r2": 0.07777374982833862
  },
  "KL": {
    "robust message_1_r2": 0.008481505719654558,
    "robust message_2_r2": 0.04947542932780835,
    "message_1_r2": 0.21507054567337036,
    "message_2_r2": 0.2949814200401306
  },
  "pruning": {
    "robust message_1_r2": 0.9973611458550647,
    "robust message_2_r2": 0.9961313775985231,
    "message_1_r2": 0.6709715127944946,
    "message_2_r2": 0.6949238181114197
  }
}